No.,Name,Primary Pos,College,Primary Crew (start of season),NFL Experience (including year),Year
122,Brad Allen,R,Pembroke State,,7,2020
20,Barry Anderson,U,North Carolina State,,14,2020
108,Gary Arthur,LJ,Wright State,,24,2020
72,Michael Banks,FJ,Illinois State,,19,2020
56,Allen Baynes,SJ,Auburn,,13,2020
59,Rusty Baynes,LJ,Auburn-Montgomery,,11,2020
27,Grantis Bell,BJ,West Virginia,,1,2020
91,Jerry Bergman,DJ,Robert Morris,,19,2020
33,Tra Blake,FJ,UCF,,1,2020
34,Clete Blakeman,R,Nebraska,,13,2020
57,Joe Blubaugh,FJ,Pittsburg State,,1,2020
23,Jerome Boger,R,Morehouse,,17,2020
40,Brian Bolinger,LJ,Indiana State,,4,2020
74,Derick Bowers,DJ,East Central,,18,2020
98,Greg Bradley,LJ,Tennessee,,12,2020
43,Terry Brown,FJ,Tennessee,,15,2020
11,Fred Bryan,U,Northern Iowa,,12,2020
86,Jimmy Buchanan,SJ,South Carolina State,,12,2020
134,Ed Camp,DJ,William Paterson,,21,2020
63,Mike Carr,DJ,Wisconsin,,4,2020
60,Gary Cavaletto,SJ,Hancock,,18,2020
41,Boris Cheek,SJ,Morgan State,,25,2020
51,Carl Cheffers,R,California-Irvine,,21,2020
130,Land Clark,R,Sevier Valley Tech,,3,2020
16,Kevin Codey,DJ,Western New England,,6,2020
95,James Coleman,SJ,Arkansas,,16,2020
65,Walt Coleman IV,LJ,Southern Methodist,,6,2020
99,Tony Corrente,R,Cal State-Fullerton,,26,2020
25,Ryan Dickson,FJ,Utah,,4,2020
123,Mike Dolce,LJ,Grand Valley State,,1,2020
87,Tom Eaton,LJ,Central Florida,,1,2020
76,Alan Eck,U,Bloomsburg,,5,2020
96,Matt Edwards,BJ,Western Michigan,,3,2020
3,Scott Edwards,SJ,Alabama,,22,2020
81,Roy Ellison,U,Savannah State,,18,2020
61,Keith Ferguson,BJ,San Jose State,,21,2020
64,Dan Ferrell,U,Cal State-Fullerton,,18,2020
90,Anthony Flemming,SJ,Texas A&M Commerce,,1,2020
71,Ruben Fowler,U,Huston-Tillotson,,15,2020
88,Brad Freeman,BJ,Mississippi State,,7,2020
85,Daniel Gallagher,LJ,Kent State,,1,2020
128,Ramon George,U,Lenoir-Rhyne,,5,2020
103,Eugene Hall,SJ,North Texas,,7,2020
49,Rich Hall,U,Arizona,,17,2020
107,Dave Hawkshaw,SJ,Justice Institute of B.C.,,2,2020
93,Scott Helverson,BJ,Iowa,,18,2020
29,Adrian Hill,R,Buffalo,,11,2020
125,Chad Hill,SJ,Mississippi,,3,2020
97,Tom Hill,FJ,Carson-Newman,,22,2020
28,Mark Hittner,DJ,Pittsburg State,,24,2020
83,Shawn Hochuli,R,Claremont,,7,2020
106,Patrick Holt,DJ,North Carolina State,,2,2020
35,John Hussey,R,Idaho State,,19,2020
36,Anthony Jeffries,FJ,Alabama-Birmingham,,3,2020
117,John Jenkins,FJ,St. Mary’s,,7,2020
101,Carl Johnson,LJ,Nicholls State,,17,2020
42,Nate Jones,FJ,Rutgers,,2,2020
67,Tony Josselyn,BJ,Eastern Kentucky,,3,2020
55,Alex Kemp,R,Central Michigan,,7,2020
77,Terry Killens,U,Penn State,,2,2020
121,Paul King,U,Nichols College,,12,2020
21,Jeff Lamberth,SJ,Texas A&M,,19,2020
44,Frank LeBlanc,DJ,Lamar Institute of Technology,,1,2020
2,Bart Longson,LJ,Brigham Young,,6,2020
10,Julian Mapp,LJ,Grambling State,,12,2020
19,Clay Martin,R,Oklahoma Baptist,,6,2020
39,Rich Martinez,BJ,Canisius,,7,2020
8,Dana McKenzie,DJ,Toledo,,13,2020
48,Jim Mello,DJ,Northeastern,,17,2020
118,Dave Meslow,FJ,Augsburg,,10,2020
78,Greg Meyer,BJ,TCU,,19,2020
115,Tony Michalek,U,Indiana,,19,2020
111,Terrence Miles,BJ,Arizona State,,13,2020
120,Jonah Monroe,SJ,Arkansas,,6,2020
92,Bryan Neale,U,Indiana,,7,2020
1,Scott Novak,R,Phoenix,,7,2020
24,David Oliver,DJ,Baker,,4,2020
124,Carl Paganelli,U,Michigan State,,22,2020
105,Dino Paganelli,BJ,Aquinas,,15,2020
46,Perry Paganelli,BJ,Hope,,23,2020
17,Steve Patrick,BJ,Jacksonville State,,7,2020
15,Rick Patterson,FJ,Wofford,,25,2020
79,Kent Payne,DJ,Nebraska Wesleyan,,17,2020
131,Mark Pellis,U,Allegheny,,7,2020
114,Dominique Pender,FJ/SJ,Howard ,,1,2020
9,Mark Perlman,LJ,Salem,,20,2020
6,Jerod Phillips,DJ,Northeastern State,,5,2020
47,Tim Podraza,LJ,Nebraska,,13,2020
109,Dyrol Prioleau,FJ,Johnson C. Smith,,14,2020
30,Todd Prukop,BJ,Cal State-Fullerton,,12,2020
5,Jim Quirk,SJ,Middlebury,,11,2020
18,Clay Reynard,SJ,UC Davis,,1,2020
31,Mearl Robinson,FJ,Air Force,,4,2020
126,Brad Rogers,R,Lubbock Christian,,4,2020
82,Jimmy Russell,SJ,Pasco Hernando State,,2,2020
50,Aaron Santi,FJ,Southern Oregon,,6,2020
45,Jeff Seeman,LJ,Minnesota,,19,2020
104,Dale Shaw,SJ,Allegheny,,8,2020
113,Danny Short,DJ,UNC-Charlotte,,4,2020
110,Tab Slaughter,U,Arkansas State,,1,2020
14,Shawn Smith,R,Ferris State,,6,2020
12,Greg Steed,BJ,Howard,,18,2020
84,Mark Steinkerchner,LJ,Akron,,27,2020
68,Tom Stephan,DJ,Pittsburg State,,22,2020
75,Mark Stewart,LJ,Pittsburg State,,3,2020
102,Bruce Stritesky,U,Embry-Riddle,,15,2020
37,Tripp Sutter,LJ,Nebraska,,2,2020
100,Tom Symonette,LJ,Florida,,17,2020
53,Sarah Thomas,DJ,Mobile,,6,2020
62,Ronald Torbert,R,Michigan State,,11,2020
13,Patrick Turner,DJ,Cal State-Long Beach,,7,2020
52,Bill Vinovich,R,San Diego,,15,2020
26,Jabir Walker,FJ,Murray State,,6,2020
7,Keith Washington,SJ,Virginia Military Institute,,13,2020
116,Mike Weatherford,FJ,Oklahoma State,,19,2020
58,Don Willard,SJ,Illinois State,,3,2020
119,Greg Wilson,BJ,USC,,13,2020
54,Steve Woods,U,Wabash,,4,2020
4,Craig Wrolstad,R,Washington,,18,2020
38,Greg Yette,BJ,Howard,,11,2020
22,Steve Zimmer,FJ,Hofstra,,24,2020
122,Brad Allen,R,Pembroke State,Allen,6,2019
20,Barry Anderson,U,North Carolina State,Allen,13,2019
66,Walt Anderson,R,Texas,Anderson,24,2019
108,Gary Arthur,LJ,Wright State,Martin,23,2019
72,Michael Banks,FJ,Illinois State,Cheffers,18,2019
56,Allen Baynes,FJ,Auburn,Hussey,12,2019
59,Rusty Baynes,LJ,Auburn-Montgomery,Boger,10,2019
32,Jeff Bergman,LJ,Robert Morris,Kemp,28,2019
91,Jerry Bergman,DJ,Robert Morris,Blakeman,18,2019
34,Clete Blakeman,R,Nebraska,Blakeman,12,2019
23,Jerome Boger,R,Morehouse College,Boger,16,2019
40,Brian Bolinger,LJ,Indiana State,Allen,3,2019
18,Byron Boston,LJ,Austin,Anderson,25,2019
74,Derick Bowers,DJ,East Central,Novak,17,2019
98,Greg Bradley,LJ,Tennessee,Hochuli,11,2019
43,Terry Brown,FJ,Tennessee,Wrolstad,14,2019
11,Fred Bryan,U,Northern Iowa,Martin,11,2019
86,Jimmy Buchanan,SJ,South Carolina State,Blakeman,11,2019
134,Ed Camp,DJ,William Paterson,Hochuli,20,2019
63,Mike Carr,DJ,Wisconsin,Kemp,3,2019
60,Gary Cavaletto,SJ,Hancock,Vinovich,17,2019
41,Boris Cheek,SJ,Morgan State,Corrente,24,2019
51,Carl Cheffers,R,California-Irvine,Cheffers,20,2019
130,Land Clark,FJ,Sevier Valley Tech,Hill,2,2019
16,Kevin Codey,DJ,Western New England,Hussey,5,2019
95,James Coleman,SJ,Arkansas,Hochuli,15,2019
65,Walt Coleman IV,LJ,Southern Methodist,Novak,5,2019
99,Tony Corrente,R,Cal State-Fullerton,Corrente,25,2019
25,Ryan Dickson,FJ,Utah,Torbert,4,2019
27,Lee Dyer,FJ,Tennessee-Chattanooga,Anderson,17,2019
76,Alan Eck,U,Bloomsburg,Hussey,4,2019
96,Matt Edwards,BJ,Western Michigan,Cheffers,2,2019
3,Scott Edwards,SJ,Alabama,Torbert,21,2019
81,Roy Ellison,U,Savannah State,Hill,17,2019
61,Keith Ferguson,BJ,San Jose State,Anderson,20,2019
64,Dan Ferrell,U,Cal State-Fullerton, Swing,17,2019
71,Ruben Fowler,U,Huston-Tillotson,Anderson,14,2019
88,Brad Freeman,BJ,Mississippi State,Hussey,6,2019
133,Steve Freeman,BJ,Mississippi State,Kemp,19,2019
80,Greg Gautreaux,SJ,Southwest Louisiana,Martin,18,2019
128,Ramon George,U,Lenoir-Rhyne,Novak,4,2019
103,Eugene Hall,SJ,North Texas,Cheffers,6,2019
49,Rich Hall,U,Arizona,Kemp,16,2019
107,Dave Hawkshaw,SJ,Justice Institute of B.C.,Smith,1,2019
93,Scott Helverson,BJ,Iowa,Wrolstad,17,2019
29,Adrian Hill,R,Buffalo,Hill,10,2019
125,Chad Hill,SJ,Mississippi,Novak,2,2019
97,Tom Hill,FJ,Carson Newman,Hochuli,21,2019
28,Mark Hittner,DJ,Pittsburg State,Smith,23,2019
83,Shawn Hochuli,R,Claremont,Hochuli,6,2019
106,Patrick Holt,DJ,North Carolina State,Boger,1,2019
35,John Hussey,R,Idaho State,Hussey,18,2019
36,Anthony Jeffries,FJ,Alabama-Birmingham,Corrente,2,2019
117,John Jenkins,FJ,St. Mary’s,Kemp,6,2019
101,Carl Johnson,LJ,Nicholls State,Hussey,16,2019
42,Nate Jones,FJ,Rutgers,Martin,1,2019
67,Tony Josselyn,BJ,Eastern Kentucky,Torbert,2,2019
55,Alex Kemp,R,Central Michigan,Kemp,6,2019
77,Terry Killens,U,Penn State,Torbert,1,2019
121,Paul King,U,Nicholls State,Hochuli,11,2019
21,Jeff Lamberth,SJ,Texas A&M,Wrolstad,18,2019
73,Joe Larrew,FJ,St. Louis,Blakeman,18,2019
2,Bart Longson,LJ,Brigham Young,Smith,5,2019
10,Julian Mapp,LJ,Grambling State,Rogers,11,2019
19,Clay Martin,R,Oklahoma Baptist,Martin,5,2019
39,Rich Martinez,BJ,Canisius,Hochuli,6,2019
8,Dana McKenzie,DJ,Toledo,Corrente,12,2019
110,Phil McKinnely,DJ,UCLA,Vinovich,18,2019
48,Jim Mello,DJ,Northeastern,Allen,16,2019
118,David Meslow,FJ,Augsburg College,Boger,9,2019
78,Greg Meyer,BJ,Texas Christian,Hill,18,2019
115,Tony Michalek,U,Indiana,Rogers,18,2019
111,Terrence Miles,BJ,Arizona State,Novak,12,2019
120,Jonah Monroe,SJ,Arkansas,Boger,5,2019
92,Bryan Neale,U,Indiana,Smith,6,2019
1,Scott Novak,R,Phoenix,Novak,6,2019
24,David Oliver,DJ,Baker,Hill,3,2019
124,Carl Paganelli,U,Michigan State,Boger,21,2019
105,Dino Paganelli,BJ,Aquinas College,Smith,14,2019
46,Perry Paganelli,BJ,Hope College,Blakeman,22,2019
17,Steve Patrick,BJ,Jacksonville State,Vinovich,6,2019
15,Rick Patterson,SJ,Wofford,Anderson,24,2019
79,Kent Payne,DJ,Nebraska Wesleyan,Rogers,16,2019
131,Mark Pellis,U,Allegheny,Cheffers,6,2019
9,Mark Perlman,LJ,Salem,Vinovich,19,2019
6,Jerod Phillips,DJ,Northeastern State,Martin,4,2019
47,Tim Podraza,LJ,Nebraska,Corrente,12,2019
109,Dyrol Prioleau,FJ,Johnson C. Smith,Smith,13,2019
30,Todd Prukop,BJ,Cal State-Fullerton,Corrente,11,2019
5,Jim Quirk,SJ,Middlebury,Hill,10,2019
44,Jeff Rice,U,Northwestern,Blakeman,25,2019
31,Mearl Robinson,FJ,Air Force,Vinovich,3,2019
126,Brad Rogers,R,Lubbock Christian,Rogers,3,2019
82,Jimmy Russell,SJ,Pasco Hernando State,Allen,1,2019
50,Aaron Santi,FJ,Southern Oregon,Rogers,5,2019
129,Bill Schuster,U,Alfred,Corrente,20,2019
45,Jeff Seeman,LJ,Minnesota,Cheffers,18,2019
104,Dale Shaw,SJ,Allegheny,Kemp,7,2019
113,Danny Short,DJ,North Carolina-Charlotte,Cheffers,3,2019
14,Shawn Smith,R,Ferris State,Smith,5,2019
90,Mike Spanier,DJ,St. Cloud State,Swing,21,2019
12,Greg Steed,BJ,Howard,Rogers,17,2019
84,Mark Steinkerchner,LJ,Akron,Torbert,26,2019
68,Tom Stephan,DJ,Pittsburg State,Anderson,21,2019
112,Tony Steratore,BJ,California (PA),Boger,20,2019
75,Mark Stewart,LJ,Pittsburg State,Hill,2,2019
102,Bruce Stritesky,U,Embry Riddle,Vinovich,14,2019
37,Tripp Sutter,LJ,Nebraska,Wrolstad,1,2019
100,Tom Symonette,LJ,Florida,Blakeman,16,2019
53,Sarah Thomas,DJ,Mobile,Torbert,5,2019
62,Ronald Torbert,R,Michigan State,Torbert,20,2019
13,Patrick Turner,DJ,Cal State-Long Beach,Wrolstad,6,2019
52,Bill Vinovich,R,San Diego,Vinovich,14,2019
26,Jabir Walker,SJ,Murray State,Hussey,5,2019
7,Keith Washington,SJ,Virginia Military Institute,Swing ,12,2019
116,Mike Weatherford,FJ,Oklahoma State,Novak,18,2019
58,Don Willard,SJ,Illinois State,Rogers,2,2019
119,Greg Wilson,BJ,USC,Martin,12,2019
54,Steve Woods,U,Wabash,Wrolstad,3,2019
4,Craig Wrolstad,R,Washington,Wrolstad,17,2019
38,Greg Yette,BJ,Howard,Allen,10,2019
33,Steve Zimmer,FJ,Hofstra,Allen,23,2019
122,Brad Allen,R,Pembroke State,Allen,5,2018
20,Barry Anderson,U,North Carolina State,Cheffers,12,2018
66,Walt Anderson,R,Texas,Anderson,23,2018
108,Gary Arthur,LJ,Wright State,Cheffers,22,2018
72,Michael Banks,SJ,Illinois State,Parry,17,2018
56,Allen Baynes,SJ,Auburn,Hussey,11,2018
59,Rusty Baynes,LJ,Auburn-Montgomery,Boger,9,2018
32,Jeff Bergman,LJ,Robert Morris,Kemp,27,2018
91,Jerry Bergman,DJ,Robert Morris,Coleman,17,2018
34,Clete Blakeman,R,Nebraska,Blakeman,11,2018
23,Jerome Boger,R,Morehouse,Boger,15,2018
40,Brian Bolinger,LJ,Indiana State,Allen,2,2018
18,Byron Boston,LJ,Austin,Anderson,24,2018
74,Derick Bowers,LJ,East Central,Hussey,16,2018
98,Greg Bradley,LJ,Tennessee,Hochuli,10,2018
43,Terry Brown,FJ,Tennessee,Anderson,13,2018
11,Fred Bryan,U,Northern Iowa,Martin,10,2018
86,Jimmy Buchanan,FJ,South Carolina State,Torbert,10,2018
134,Ed Camp,DJ,William Paterson,Hochuli,19,2018
63,Mike Carr,DJ,Wisconsin,Boger,2,2018
60,Gary Cavaletto,SJ,Hancock,Vinovich,16,2018
41,Boris Cheek,SJ,Morgan State,Morelli,23,2018
51,Carl Cheffers,R,California-Irvine,Cheffers,19,2018
130,Land Clark,FJ,Sevier Valley Tech,Cheffers,1,2018
16,Kevin Codey,DJ,Western New England,Hussey,4,2018
95,James Coleman,SJ,Arkansas,Smith,14,2018
65,Walt Coleman,R,Arkansas,Coleman,30,2018
87,Walt Coleman IV,LJ,Southern Methodist,Blakeman,4,2018
99,Tony Corrente,R,Cal State-Fullerton,Corrente,24,2018
94,Hugo Cruz,DJ,Texas-Pan American,Cheffers,4,2018
25,Ryan Dickson,SJ,Utah,Corrente,2,2018
27,Lee Dyer,BJ,Tennessee-Chattanooga,Anderson,16,2018
76,Alan Eck,U,Bloomsburg,Corrente,3,2018
96,Matt Edwards,FJ,Western Michigan,Parry,1,2018
3,Scott Edwards,SJ,Alabama,Torbert,20,2018
81,Roy Ellison,U,Savannah State,Hochuli,16,2018
61,Keith Ferguson,BJ,San Jose State,Morelli,19,2018
64,Dan Ferrell,U,Cal State-Fullerton,Torbert,16,2018
71,Ruben Fowler,U,Huston-Tillotson,Allen,13,2018
88,Brad Freeman,SJ,Mississippi State,Martin,5,2018
133,Steve Freeman,BJ,Mississippi State,Kemp,18,2018
80,Greg Gautreaux,FJ,S.W. Louisiana,Coleman,17,2018
128,Ramon George,U,Lenoir-Rhyne,Blakeman,3,2018
103,Eugene Hall,SJ,North Texas,Cheffers,5,2018
49,Rich Hall,U,Arizona,Kemp,15,2018
93,Scott Helverson,BJ,Iowa,Wrolstad,16,2018
29,Adrian Hill,SJ,Buffalo,Wrolstad,9,2018
125,Chad Hill,SJ,Mississippi,Hochuli,1,2018
97,Tom Hill,FJ,Carson Newman,Hochuli,20,2018
28,Mark Hittner,DJ,Pittsburg State,Smith,22,2018
83,Shawn Hochuli,R,Claremont,Hochuli,5,2018
35,John Hussey,R,Idaho State,Hussey,17,2018
36,Anthony Jeffries,FJ,Alabama-Birmingham,Morelli,1,2018
117,John Jenkins,FJ,St. Mary's,Kemp,5,2018
101,Carl Johnson,LJ,Nicholls State,Wrolstad,15,2018
67,Tony Josselyn,BJ,Eastern Kentucky,Torbert,1,2018
55,Alex Kemp,R,Central Michigan,Kemp,5,2018
121,Paul King,U,Nicholls State,Wrolstad,10,2018
21,Jeff Lamberth,FJ,Texas A&M,Wrolstad,17,2018
73,Joe Larrew,FJ,St. Louis,Blakeman,17,2018
2,Bart Longson,LJ,Brigham Young,Smith,4,2018
10,Julian Mapp,LJ,Grambling State,Parry,10,2018
19,Clay Martin,R,Oklahoma Baptist,Martin,4,2018
39,Rich Martinez,BJ,Canisius,Hochuli,5,2018
8,Dana McKenzie,DJ,Toledo,Blakeman,11,2018
110,Phil McKinnely,DJ,UCLA,Vinovich,17,2018
48,Jim Mello,DJ,Northeastern,Allen,15,2018
118,David Meslow,FJ,Augsburg,Martin,8,2018
78,Greg Meyer,BJ,Texas Christian,Cheffers,17,2018
115,Tony Michalek,U,Indiana,Hussey,17,2018
111,Terrence Miles,BJ,Arizona State,Allen,11,2018
120,Jonah Monroe,SJ,Arkansas,Boger,4,2018
135,Pete Morelli,R,St. Mary's,Morelli,22,2018
92,Bryan Neale,U,Indiana,Smith,5,2018
1,Scott Novak,SJ,Phoenix,Allen,5,2018
24,David Oliver,DJ,Baker,Parry,2,2018
124,Carl Paganelli,U,Michigan State,Anderson,20,2018
105,Dino Paganelli,BJ,Aquinas,Smith,13,2018
46,Perry Paganelli,BJ,Hope,Parry,21,2018
132,John Parry,R,Purdue,Parry,19,2018
17,Steve Patrick,BJ,Jacksonville State,Vinovich,5,2018
15,Rick Patterson,SJ,Wofford,Anderson,23,2018
79,Kent Payne,LJ,Nebraska Wesleyan,Martin,15,2018
131,Mark Pellis,U,Allegheny,Parry,5,2018
9,Mark Perlman,LJ,Salem,Vinovich,18,2018
6,Jerod Phillips,DJ,Northeastern State,Wrolstad,3,2018
47,Tim Podraza,LJ,Nebraska,Corrente,11,2018
109,Dyrol Prioleau,SJ,Johnson C. Smith,Blakeman,12,2018
30,Todd Prukop,BJ,Cal State-Fullerton,Corrente,10,2018
5,Jim Quirk,BJ,Middlebury,Blakeman,9,2018
44,Jeff Rice,U,Northwestern,Coleman,24,2018
31,Mearl Robinson,FJ,Air Force,Vinovich,2,2018
126,Brad Rogers,FJ,Lubbock Christian,Smith,2,2018
50,Aaron Santi,FJ,Southern Oregon,Kemp,4,2018
129,Bill Schuster,U,Alfred,Boger,19,2018
45,Jeff Seeman,LJ,Minnesota,Morelli,17,2018
104,Dale Shaw,FJ,Allegheny,Boger,6,2018
113,Danny Short,DJ,North Carolina-Charlotte,Martin,2,2018
14,Shawn Smith,R,Ferris State,Smith,4,2018
90,Mike Spanier,LJ,St. Cloud State,Swing,20,2018
12,Greg Steed,BJ,Howard,Hussey,16,2018
84,Mark Steinkerchner,LJ,Akron,Torbert,25,2018
22,Steve Stelljes,DJ,Friends,Morelli,17,2018
68,Tom Stephan,DJ,Pittsburg State,Anderson,20,2018
112,Tony Steratore,BJ,"California, Pa.",Boger,19,2018
75,Mark Stewart,LJ,Pittsburg State,Coleman,1,2018
102,Bruce Stritesky,U,Embry Riddle,Vinovich,13,2018
100,Tom Symonette,DJ,Florida,Kemp,15,2018
53,Sarah Thomas,DJ,Mobile,Torbert,4,2018
62,Ron Torbert,R,Michigan State,Torbert,9,2018
13,Patrick Turner,DJ,Cal State-Long Beach,Corrente,5,2018
52,Bill Vinovich,R,San Diego,Vinovich,14,2018
26,Jabir Walker,SJ,Murray State,Coleman,4,2018
7,Keith Washington,FJ,Virginia Military Institute,Corrente,11,2018
116,Mike Weatherford,FJ,Oklahoma State,Swing,17,2018
58,Don Willard,FJ,Illinois State,Hussey,1,2018
119,Greg Wilson,BJ,USC,Martin,11,2018
54,Steve Woods,U,Wabash,Morelli,2,2018
4,Craig Wrolstad,R,Washington,Wrolstad,16,2018
38,Greg Yette,BJ,Howard,Coleman,9,2018
33,Steve Zimmer,FJ,Hofstra,Allen,22,2018
122,Brad Allen,R,Pembroke State,Allen,4,2017
20,Barry Anderson,U,North Carolina State,Wrolstad,11,2017
66,Walt Anderson,R,Texas,Anderson,22,2017
108,Gary Arthur,LJ,Wright State,Steratore,21,2017
72,Michael Banks,FJ,Illinois State,McAulay,16,2017
56,Allen Baynes,SJ,Auburn,Hussey,10,2017
59,Rusty Baynes,LJ,Auburn-Montgomery,Hochuli,8,2017
32,Jeff Bergman,DJ,Robert Morris,Triplette,26,2017
91,Jerry Bergman,DJ,Robert Morris,McAulay,16,2017
34,Clete Blakeman,R,Nebraska,Blakeman,10,2017
23,Jerome Boger,R,Morehouse,Boger,14,2017
40,Brian Bolinger,LJ,Indiana State,Allen,1,2017
18,Byron Boston,LJ,Austin,Anderson,23,2017
74,Derick Bowers,DJ,East Central,Coleman,15,2017
98,Greg Bradley,DJ,Tennessee,Hochuli,9,2017
43,Terry Brown,SJ,Tennessee,Triplette,12,2017
11,Fred Bryan,U,Northern Iowa,Allen,9,2017
86,Jimmy Buchanan,FJ,South Carolina State,Hussey,9,2017
134,Ed Camp,DJ,William Paterson,Boger,18,2017
63,Mike Carr,LJ,Wisconsin,Boger,1,2017
60,Gary Cavaletto,SJ,Hancock,Vinovich,15,2017
41,Boris Cheek,SJ,Morgan State,Morelli,22,2017
51,Carl Cheffers,R,California-Irvine,Cheffers,18,2017
16,Kevin Codey,LJ,Western New England,Coleman,3,2017
95,James Coleman,SJ,Arkansas,Coleman,13,2017
65,Walt Coleman,R,Arkansas,Coleman,29,2017
87,Walt Coleman IV,SJ,Southern Methodist,Boger,3,2017
99,Tony Corrente,R,Cal State-Fullerton,Corrente,23,2017
94,Hugo Cruz,DJ,Texas-Pan American,Blakeman,3,2017
25,Ryan Dickson,SJ,Utah,Corrente,1,2017
27,Lee Dyer,BJ,Tennessee-Chattanooga,Wrolstad,15,2017
76,Alan Eck,U,Bloomsburg,Corrente,2,2017
3,Scott Edwards,SJ,Alabama,Torbert,19,2017
81,Roy Ellison,U,Savannah State,Steratore,15,2017
61,Keith Ferguson,BJ,San Jose State,Hussey,18,2017
64,Dan Ferrell,U,Cal State-Fullerton,Swing,15,2017
71,Ruben Fowler,U,Huston-Tillotson,Triplette,12,2017
88,Brad Freeman,SJ,Mississippi State,Cheffers,4,2017
133,Steve Freeman,BJ,Mississippi State,Triplette,17,2017
80,Greg Gautreaux,FJ,S.W. Louisiana,Triplette,16,2017
128,Ramon George,U,Lenoir-Rhyne,Blakeman,2,2017
103,Eugene Hall,FJ,North Texas,Boger,4,2017
49,Rich Hall,U,Arizona,Boger,14,2017
125,Laird Hayes,SJ,Princeton,Anderson,23,2017
93,Scott Helverson,BJ,Iowa,Hochuli,15,2017
29,Adrian Hill,SJ,Buffalo,Steratore,8,2017
97,Tom Hill,FJ,Carson Newman,Allen,19,2017
28,Mark Hittner,DJ,Pittsburg State,Wrolstad,21,2017
85,Ed Hochuli,R,Texas-El Paso,Hochuli,28,2017
83,Shawn Hochuli,BJ,Claremont,Allen,4,2017
82,Buddy Horton,FJ,Oregon State,Corrente,19,2017
37,Jim Howey,DJ/LJ,Erskine,Swing,19,2017
35,John Hussey,R,Idaho State,Hussey,16,2017
117,John Jenkins,FJ,St. Mary's,Anderson,4,2017
101,Carl Johnson,LJ,Nicholls State,McAulay,14,2017
55,Alex Kemp,SJ,Central Michigan,Hochuli,4,2017
121,Paul King,U,Nicholls State,Torbert,9,2017
21,Jeff Lamberth,SJ,Texas A&M,Wrolstad,16,2017
73,Joe Larrew,FJ,St. Louis,Blakeman,16,2017
2,Bart Longson,LJ,Brigham Young,Corrente,3,2017
89,Jon Lucivansky,FJ,Minnesota,Vinovich,9,2017
10,Julian Mapp,LJ,Grambling State,Wrolstad,9,2017
107,Ron Marinucci,LJ,Glassboro State,Hussey,21,2017
19,Clay Martin,U,Oklahoma Baptist,Cheffers,3,2017
39,Rich Martinez,BJ,Canisius,McAulay,4,2017
77,Terry McAulay,R,Louisiana State,McAulay,20,2017
8,Dana McKenzie,LJ,Toledo,Blakeman,10,2017
110,Phil McKinnely,DJ,UCLA,Vinovich,16,2017
48,Jim Mello,DJ,Northeastern,Allen,14,2017
118,Dave Meslow,FJ,Augsburg,Parry,7,2017
78,Greg Meyer,BJ,Texas Christian,Vinovich,16,2017
115,Tony Michalek,U,Indiana,Hussey,16,2017
111,Terrence Miles,BJ,Arizona State,Coleman,10,2017
120,Jonah Monroe,SJ,Arkansas,McAulay,3,2017
135,Pete Morelli,R,St. Mary's,Morelli,21,2017
92,Bryan Neale,U,Indiana,Morelli,4,2017
1,Scott Novak,FJ,Phoenix,Coleman,4,2017
24,David Oliver,DJ,Baker,Steratore,1,2017
124,Carl Paganelli,U,Michigan State,Anderson,19,2017
105,Dino Paganelli,BJ,Aquinas,Steratore,12,2017
46,Perry Paganelli,BJ,Hope,Parry,20,2017
132,John Parry,R,Purdue,Parry,18,2017
17,Steve Patrick,BJ,Jacksonville State,Blakeman,4,2017
15,Rick Patterson,FJ/SJ,Wofford,Swing,22,2017
79,Kent Payne,LJ,Nebraska Wesleyan,Cheffers,14,2017
131,Mark Pellis,U,Allegheny,Parry,4,2017
9,Mark Perlman,LJ,Salem,Vinovich,17,2017
6,Jerod Phillips,DJ,Northeastern State,Anderson,2,2017
47,Tim Podraza,LJ,Nebraska,Morelli,10,2017
109,Dyrol Prioleau,SJ,Johnson C. Smith,Blakeman,11,2017
30,Todd Prukop,BJ,Cal State-Fullerton,Corrente,9,2017
5,Jim Quirk,BJ,Middlebury,Cheffers,8,2017
44,Jeff Rice,U,Northwestern,Coleman,23,2017
31,Mearl Robinson,FJ,Air Force,Cheffers,1,2017
126,Brad Rogers,FJ,Lubbock Christian,Morelli,1,2017
50,Aaron Santi,FJ,Southern Oregon,Torbert,3,2017
129,Bill Schuster,U,Alfred,Swing,18,2017
45,Jeff Seeman,LJ,Minnesota,Parry,16,2017
104,Dale Shaw,FJ,Allegheny,Hochuli,5,2017
113,Danny Short,LJ,North Carolina-Charlotte,Triplette,1,2017
14,Shawn Smith,U,Ferris State,Hochuli,3,2017
90,Mike Spanier,DJ,St. Cloud State,Parry,19,2017
12,Greg Steed,BJ,Howard,Morelli,15,2017
84,Mark Steinkerchner,LJ,Akron,Torbert,24,2017
22,Steve Stelljes,DJ,Friends,Morelli,16,2017
68,Tom Stephan,DJ/LJ,Pittsburg State,Swing,19,2017
114,Gene Steratore,R,Kent State,Steratore,15,2017
112,Tony Steratore,BJ,"California, Pa.",Boger,18,2017
102,Bruce Stritesky,U,Embry Riddle,Vinovich,12,2017
100,Tom Symonette,DJ,Florida,Cheffers,14,2017
53,Sarah Thomas,DJ,Mobile,Torbert,3,2017
62,Ron Torbert,R,Michigan State,Torbert,8,2017
42,Jeff Triplette,R,Wake Forest,Triplette,22,2017
13,Patrick Turner,DJ,Cal State-Long Beach,Corrente,4,2017
52,Bill Vinovich,R,San Diego,Vinovich,13,2017
123,Ed Walker,DJ,San Jose State,Hussey,4,2017
26,Jabir Walker,SJ,Murray State,Allen,3,2017
7,Keith Washington,SJ,Virginia Military Institute,Parry,10,2017
116,Mike Weatherford,FJ,Oklahoma State,Steratore,16,2017
119,Greg Wilson,BJ,USC,Anderson,10,2017
54,Steve Woods,U,Wabash,McAulay,1,2017
4,Craig Wrolstad,R,Washington,Wrolstad,15,2017
38,Greg Yette,BJ,Howard,Torbert,8,2017
33,Steve Zimmer,FJ,Hofstra,Wrolstad,21,2017
122,Brad Allen,R,Pembroke State,Allen,3,2016
20,Barry Anderson,U,North Carolina State,Wrolstad,10,2016
66,Walt Anderson,R,Texas,Anderson,21,2016
108,Gary Arthur,LJ,Wright State,Steratore,20,2016
72,Michael Banks,FJ,Illinois State,Vinovich,15,2016
56,Allen Baynes,SJ,Auburn,Hussey,9,2016
59,Rusty Baynes,LJ,Auburn-Montgomery,Hochuli,7,2016
32,Jeff Bergman,HL,Robert Morris,Triplette,25,2016
91,Jerry Bergman,HL,Robert Morris,McAulay,15,2016
34,Clete Blakeman,R,Nebraska,Blakeman,9,2016
23,Jerome Boger,R,Morehouse,Boger,13,2016
18,Byron Boston,LJ,Austin,Anderson,22,2016
74,Derick Bowers,HL,East Central,Coleman,14,2016
98,Greg Bradley,HL,Tennessee,Hochuli,8,2016
43,Terry Brown,FJ,Tennessee-Knoxville,Coleman,11,2016
11,Fred Bryan,U,Northern Iowa,Allen,8,2016
86,Jimmy Buchanan,FJ,South Carolina State,Hussey,8,2016
134,Ed Camp,HL,William Paterson,Boger,17,2016
60,Gary Cavaletto,SJ,Hancock,Vinovich,14,2016
41,Boris Cheek,SJ,Morgan State,Morelli,21,2016
51,Carl Cheffers,R,California-Irvine,Cheffers,17,2016
 16,Kevin Codey,LJ,Western New England,Coleman,2,2016
95,James Coleman,FJ,Arkansas,Swing,12,2016
65,Walt Coleman,R,Arkansas,Coleman,28,2016
87,Walt Coleman IV,SJ,Southern Methodist,Boger,2,2016
99,Tony Corrente,R,Cal State-Fullerton,Corrente,22,2016
94,Hugo Cruz,HL,Texas-Pan American,Blakeman,2,2016
27,Lee Dyer,BJ,Tennessee-Chattanooga,Wrolstad,14,2016
76,Alan Eck,SJ,Bloomsburg,Coleman,1,2016
3,Scott Edwards,FJ,Alabama,Triplette,18,2016
81,Roy Ellison,U,Savannah State,Steratore,14,2016
61,Keith Ferguson,BJ,San Jose State,Hussey,17,2016
64,Dan Ferrell,U,Cal State-Fullerton,Corrente,14,2016
71,Ruben Fowler,U,Huston-Tillotson,Cheffers,11,2016
88,Brad Freeman,FJ,Mississippi State,Cheffers,3,2016
133,Steve Freeman,BJ,Mississippi State,Triplette,16,2016
80,Greg Gautreaux,SJ,S.W. Louisiana,Torbert,15,2016
128,Ramon George,U,Lenoir Rhyne,Blakeman,1,2016
103,Eugene Hall,FJ,North Texas,Boger,3,2016
49,Rich Hall,U,Arizona,Boger,13,2016
40,Butch Hannah,U,Middle Tennessee State,Anderson,18,2016
125,Laird Hayes,SJ,Princeton,Anderson,22,2016
93,Scott Helverson,BJ,Iowa,Hochuli,14,2016
29,Adrian Hill,FJ,Buffalo,Blakeman,7,2016
97,Tom Hill,FJ,Carson Newman,Allen,18,2016
28,Mark Hittner,HL,Pittsburg State,Wrolstad,20,2016
85,Ed Hochuli,R,Texas-El Paso,Hochuli,27,2016
83,Shawn Hochuli,BJ,Claremont,Allen,3,2016
82,Buddy Horton,FJ,Oregon State,Corrente,18,2016
37,Jim Howey,HL,Erskine,Torbert,18,2016
35,John Hussey,R,Idaho State,Hussey,15,2016
117,John Jenkins,FJ,St. Mary's,Anderson,3,2016
101,Carl Johnson,LJ,Nicholls State,Morelli,13,2016
55,Alex Kemp,SJ,Central Michigan,Hochuli,3,2016
121,Paul King,U,Nicholls State,Torbert,8,2016
21,Jeff Lamberth,SJ,Texas A&M,Wrolstad,15,2016
73,Joe Larrew,SJ,St. Louis,Blakeman,15,2016
2,Bart Longson,LJ,Brigham Young,Corrente,2,2016
89,Jon Lucivansky,SJ,Minnesota,Swing,8,2016
106,Wayne Mackie,HL,Colgate,Hussey,10,2016
10,Julian Mapp,LJ,Grambling State,Wrolstad,8,2016
107,Ron Marinucci,LJ,Glassboro State,Hussey,20,2016
19,Clay Martin,U,Oklahoma Baptist,Hochuli,2,2016
39,Rich Martinez,BJ,Canisius,McAulay,3,2016
77,Terry McAulay,R,Louisiana State,McAulay,19,2016
5,John McGrath,HL,Kentucky,Parry,15,2016
8,Dana McKenzie,LJ,Toledo,Boger,9,2016
110,Phil McKinnely,HL,UCLA,Vinovich,15,2016
48,Jim Mello,HL,Northeastern,Allen,13,2016
118,Dave Meslow,SJ,Augsburg,Allen,6,2016
78,Greg Meyer,BJ,Texas Christian,Vinovich,15,2016
115,Tony Michalek,U,Indiana,Hussey,15,2016
111,Terrence Miles,BJ,Arizona State,Coleman,9,2016
120,Jonah Monroe,SJ,Arkansas,McAulay,2,2016
135,Pete Morelli,R,St. Mary's,Morelli,20,2016
92,Bryan Neale,U,Indiana,Morelli,3,2016
1,Scott Novak,SJ,Phoenix,Cheffers,3,2016
124,Carl Paganelli,U,Michigan State,Swing,18,2016
105,Dino Paganelli,BJ,Aquinas,Steratore,11,2016
46,Perry Paganelli,BJ,Hope,Parry,19,2016
132,John Parry,R,Purdue,Parry,17,2016
17,Steve Patrick,BJ,Jacksonville State,Blakeman,3,2016
15,Rick Patterson,FJ,Wofford,McAulay,21,2016
79,Kent Payne,HL,Nebraska Wesleyan,Cheffers,13,2016
131,Mark Pellis,U,Allegheny,Parry,3,2016
9,Mark Perlman,LJ,Salem,Vinovich,16,2016
6,Jerod Phillips,HL,Northeastern State,Anderson,1,2016
47,Tim Podraza,LJ,Nebraska,Cheffers,9,2016
109,Dyrol Prioleau,SJ,Johnson C. Smith,Triplette,10,2016
30,Todd Prukop,BJ,Cal State-Fullerton,Corrente,8,2016
63,Jim Quirk,BJ,Middlebury,Cheffers,7,2016
44,Jeff Rice,U,Northwestern,Coleman,22,2016
67,Doug Rosenbaum,FJ,Illinois Wesleyan,Morelli,16,2016
50,Aaron Santi,FJ,Southern Oregon,Torbert,2,2016
129,Bill Schuster,U,Alfred,Swing,17,2016
45,Jeff Seeman,LJ,Minnesota,Parry,15,2016
104,Dale Shaw,FJ,Allegheny,Hochuli,4,2016
14,Shawn Smith,U,Ferris State,Triplette,2,2016
90,Mike Spanier,LJ,St. Cloud State,Swing,18,2016
12,Greg Steed,BJ,Howard,Morelli,14,2016
84,Mark Steinkerchner,LJ,Akron,Torbert,23,2016
22,Steve Stelljes,HL,Friends,Morelli,15,2016
68,Tom Stephan,LJ,Pittsburg State,McAulay,18,2016
114,Gene Steratore,R,Kent State,Steratore,14,2016
112,Tony Steratore,BJ,California,Boger,17,2016
102,Bruce Stritesky,U,Embry Riddle,Vinovich,11,2016
100,Tom Symonette,LJ,Florida,Allen,13,2016
53,Sarah Thomas,LJ,University of Mobile,Triplette,2,2016
62,Ron Torbert,R,Michigan State,Torbert,7,2016
42,Jeff Triplette,R,Wake Forest,Triplette,21,2016
13,Patrick Turner,HL,Cal State-Long Beach,Corrente,3,2016
75,Rob Vernatchi,SJ,California-Riverside,Corrente,13,2016
36,Tony Veteri,LJ,Manhattan,Blakeman,25,2016
52,Bill Vinovich,R,San Diego,Vinovich,11,2016
25,Bob Waggoner,SJ,Juniata,Steratore,20,2016
123,Ed Walker,HL,San Jose State,Steratore,3,2016
26,Jabir Walker,FJ,Murray State,Parry,2,2016
96,Undrey Wash,U,Texas-Arlington,McAulay,17,2016
7,Keith Washington,SJ,Virginia Military Institute,Parry,9,2016
116,Mike Weatherford,FJ,Oklahoma State,Steratore,15,2016
119,Greg Wilson,BJ,USC,Anderson,9,2016
4,Craig Wrolstad,R,Washington,Wrolstad,14,2016
38,Greg Yette,BJ,Howard,Torbert,7,2016
33,Steve Zimmer,FJ,Hofstra,Wrolstad,20,2016
122,Brad Allen,R,Pembroke State,Allen,2,2015
11,Fred Bryan,U,Northern Iowa,Allen,7,2015
48,Jim Mello,HL,Northeastern,Allen,12,2015
100,Tom Symonette,LJ,Florida,Allen,12,2015
67,Doug Rosenbaum,FJ,Illinois Wesleyan,Allen,15,2015
97,Tom Hill,SJ,Carson-Newman,Allen,17,2015
83,Shawn Hochuli,BJ,Claremont,Allen,2,2015
66,Walt Anderson,R,Texas,Anderson,20,2015
40,Butch Hannah,U,Middle Tennessee State,Anderson,17,2015
22,Steve Stelljes,HL,Friends,Anderson,14,2015
18,Byron Boston,LJ,Austin,Anderson,21,2015
103,Eugene Hall,FJ,North Texas,Anderson,2,2015
125,Laird Hayes,SJ,Princeton,Anderson,21,2015
30,Todd Prukop,BJ,Cal State-Fullerton,Anderson,7,2015
34,Clete Blakeman,R,Nebraska,Blakeman,8,2015
44,Jeff Rice,U,Northwestern,Blakeman,21,2015
94,Hugo Cruz,HL,Texas-Pan American,Blakeman,1,2015
101,Carl Johnson,LJ,Nicholls State,Blakeman,12,2015
43,Terry Brown,FJ,Tennessee,Blakeman,10,2015
73,Joe Larrew,SJ,St. Louis,Blakeman,14,2015
17,Steve Patrick,BJ,Jacksonville State,Blakeman,2,2015
23,Jerome Boger,R,Morehouse,Boger,12,2015
49,Rich Hall,U,Arizona,Boger,12,2015
5,John McGrath,HL,Kentucky,Boger,14,2015
45,Jeff Seeman,LJ,Minnesota,Boger,14,2015
118,David Meslow,FJ,Augsburg College,Boger,5,2015
87,Walt Coleman IV,SJ,Southern Methodist,Boger,1,2015
112,Tony Steratore,BJ,California (PA),Boger,16,2015
51,Carl Cheffers,R,California-Irvine,Cheffers,16,2015
96,Undrey Wash,U,Texas-Arlington,Cheffers,16,2015
79,Kent Payne,HL,Nebraska Wesleyan,Cheffers,12,2015
47,Tim Podraza,LJ,Nebraska,Cheffers,8,2015
88,Brad Freeman,FJ,Mississippi State,Cheffers,2,2015
1,Scott Novak,SJ,Phoenix,Cheffers,2,2015
111,Terrence Miles,BJ,Arizona State,Cheffers,8,2015
65,Walt Coleman,R,Arkansas,Coleman,27,2015
129,Bill Schuster,U,Alfred,Coleman,16,2015
91,Jerry Bergman,HL,Robert Morris,Coleman,14,2015
16,Kevin Codey,LJ,Western New England,Coleman,1,2015
41,Boris Cheek,FJ,Morgan State,Coleman,20,2015
89,Jon Lucivansky,SJ,Minnesota,Coleman,7,2015
39,Rich Martinez,BJ,Canisius,Coleman,2,2015
99,Tony Corrente,R,Cal State-Fullerton,Corrente,21,2015
64,Dan Ferrell,U,Cal State-Fullerton,Corrente,13,2015
54,George Hayward,HL,Missouri Western University,Corrente,25,2015
2,Bart Longson,LJ,Brigham Young,Corrente,1,2015
82,Buddy Horton,FJ,Oregon State,Corrente,17,2015
7,Keith Washington,SJ,Virginia Military Institute,Corrente,8,2015
119,Greg Wilson,BJ,USC,Corrente,8,2015
85,Ed Hochuli,R,Texas-El Paso,Hochuli,26,2015
19,Clay Martin,U,Oklahoma Baptist,Hochuli,1,2015
13,Patrick Turner,HL,Cal State-Long Beach,Hochuli,2,2015
59,Rusty Baynes,LJ,Auburn-Montgomery,Hochuli,6,2015
29,Adrian Hill,FJ,Buffalo,Hochuli,6,2015
78,Greg Meyer,SJ,TCU,Hochuli,14,2015
93,Scott Helverson,BJ,Iowa,Hochuli,13,2015
35,John Hussey,R,Idaho State,Hussey,14,2015
115,Tony Michalek,U,Indiana,Hussey,14,2015
106,Wayne Mackie,HL,Colgate,Hussey,9,2015
107,Ron Marinucci,LJ,Glassboro State,Hussey,19,2015
86,Jimmy Buchanan,FJ,South Carolina State,Hussey,7,2015
56,Allen Baynes,SJ,Auburn,Hussey,8,2015
61,Keith Ferguson,BJ,San Jose State,Hussey,16,2015
77,Terry McAulay,R,Louisiana State,McAulay,18,2015
92,Bryan Neale,U,Indiana,McAulay,2,2015
74,Derick Bowers,HL,East Central,McAulay,13,2015
68,Tom Stephan,LJ,Pittsburg State,McAulay,17,2015
72,Michael Banks,FJ,Illinois State,McAulay,14,2015
120,Jonah Monroe,SJ,Arkansas,McAulay,1,2015
12,Greg Steed,BJ,Howard,McAulay,13,2015
135,Pete Morelli,R,St. Mary's,Morelli,19,2015
71,Ruben Fowler,U,Huston-Tillotson,Morelli,10,2015
134,Ed Camp,HL,William Paterson,Morelli,15,2015
53,Sarah Thomas,LJ,Mobile,Morelli,1,2015
15,Rick Patterson,FJ,Wofford,Morelli,20,2015
75,Rob Vernatchi,SJ,California-Riverside,Morelli,12,2015
104,Dale Shaw,BJ,Allegheny,Morelli,3,2015
132,John Parry,R,Purdue,Parry,16,2015
131,Mark Pellis,U,Allegheny,Parry,2,2015
98,Greg Bradley,HL,Tennessee,Parry,7,2015
9,Mark Perlman,LJ,Salem,Parry,15,2015
26,Jabir Walker,FJ,Murray State,Parry,1,2015
80,Greg Gautreaux,SJ,Southwest Louisiana,Parry,14,2015
46,Perry Paganelli,BJ,Hope,Parry,18,2015
114,Gene Steratore,R,Kent State,Steratore,13,2015
20,Barry Anderson,U,North Carolina State,Steratore,9,2015
123,Ed Walker,HL,San Jose State,Steratore,2,2015
108,Gary Arthur,LJ,Wright State,Steratore,19,2015
116,Mike Weatherford,FJ,Oklahoma State,Steratore,14,2015
25,Bob Waggoner,SJ,Juniata,Steratore,19,2015
105,Dino Paganelli,BJ,Aquinas,Steratore,10,2015
62,Ronald Torbert,R,Michigan State,Torbert,6,2015
124,Carl Paganelli,U,Michigan State,Torbert,16,2015
37,Jim Howey,HL,Erskine,Torbert,17,2015
84,Mark Steinkerchner,LJ,Akron,Torbert,22,2015
50,Aaron Santi,FJ,Southern Oregon,Torbert,1,2015
3,Scott Edwards,SJ,Alabama,Torbert,17,2015
38,Greg Yette,BJ,Howard,Torbert,6,2015
42,Jeff Triplette,R,Wake Forest,Triplette,20,2015
14,Shawn Smith,U,Ferris State,Triplette,1,2015
36,Tony Veteri,HL,Manhattan,Triplette,24,2015
32,Jeff Bergman,LJ,Robert Morris,Triplette,24,2015
109,Dyrol Prioleau,FJ,Johnson C. Smith,Triplette,9,2015
55,Alex Kemp,SJ,Central Michigan,Triplette,2,2015
133,Steve Freeman,BJ,Mississippi State,Triplette,15,2015
52,Bill Vinovich,R,San Diego,Vinovich,11,2015
121,Paul King,U,Nichols College,Vinovich,7,2015
110,Phil McKinnely,HL,UCLA,Vinovich,14,2015
90,Mike Spanier,LJ,St. Cloud State,Vinovich,17,2015
117,John Jenkins,FJ,St. Mary’s,Vinovich,2,2015
60,Gary Cavaletto,SJ,Hancock,Vinovich,13,2015
63,Jim Quirk,BJ,Middlebury,Vinovich,6,2015
4,Craig Wrolstad,R,Washington,Wrolstad,13,2015
81,Roy Ellison,U,Savannah State,Wrolstad,13,2015
28,Mark Hittner,HL,Pittsburg State,Wrolstad,19,2015
10,Julian Mapp,LJ,Grambling State,Wrolstad,7,2015
33,Steve Zimmer,FJ,Hofstra,Wrolstad,19,2015
21,Jeff Lamberth,SJ,Texas A&M,Wrolstad,14,2015
27,Lee Dyer,BJ,Tennessee-Chattanooga,Wrolstad,13,2015
102,Bruce Stritesky,U,Embry-Riddle,Swing,10,2015
8,Dana McKenzie,HL,Toledo,Swing,8,2015
95,James Coleman,SJ,Arkansas,Swing,11,2015
122,Brad Allen,U ,Pembroke State,Allen,1,2014
20,Barry Anderson,FJ ,North Carolina State,Torbert,8,2014
66,Walt Anderson,R,Texas,Anderson,19,2014
108,Gary Arthur,LJ ,Wright State,Steratore,18,2014
72,Michael Banks,SJ ,Illinois State,Coleman,13,2014
56,Allen Baynes,SJ ,Auburn,Boger,7,2014
59,Rusty Baynes,LJ ,Auburn-Montgomery,Vinovich,5,2014
32,Jeff Bergman,LJ ,Robert Morris,Triplette,23,2014
91,Jerry Bergman,HL ,Robert Morris,Coleman,13,2014
34,Clete Blakeman,R ,Nebraska,Blakeman,7,2014
23,Jerome Boger,R ,Morehouse,Boger,11,2014
18,Byron Boston,LJ ,Austin,Anderson,20,2014
74,Derick Bowers,HL ,East Central,Parry,12,2014
98,Greg Bradley,HL ,Tennessee,McAulay,6,2014
31,Chad Brown,U ,Texas A&M–Commerce,Leavy,#N/A,2014
43,Terry Brown,FJ ,Tennessee,Boger,9,2014
11,Fred Bryan,U ,Northern Iowa,Allen,6,2014
86,Jimmy Buchanan,FJ ,South Carolina State,Leavy,6,2014
60,Gary Cavaletto,FJ ,Hancock,Corrente,12,2014
41,Boris Cheek,FJ ,Morgan State,Triplette,19,2014
51,Carl Cheffers,R ,California-Irvine,Cheffers,15,2014
95,James Coleman,SJ ,Arkansas,Swing,10,2014
65,Walt Coleman,R ,Arkansas,Coleman,26,2014
99,Tony Corrente,R ,Cal State-Fullerton,Corrente,20,2014
58,Jimmy DeBell,SJ ,,Vinovich,#N/A,2014
6,Kirk Dornan,BJ ,Central Washington,Allen,#N/A,2014
27,Lee Dyer,BJ ,Tennessee-Chattanooga,Wrolstad,12,2014
3,Scott Edwards,FJ ,Alabama,Torbert,16,2014
81,Roy Ellison,U ,Savannah State,Wrolstad,12,2014
61,Keith Ferguson,BJ ,San Jose State,Leavy,15,2014
64,Dan Ferrell,U ,Cal State-Fullerton,Corrente,12,2014
71,Ruben Fowler,U ,Huston-Tillotson,Blakeman,9,2014
88,Brad Freeman,FJ ,Mississippi State,Cheffers,1,2014
133,Steve Freeman,BJ ,Mississippi State,Triplette,14,2014
80,Greg Gautreaux,FJ ,Southwest Louisiana,Coleman,13,2014
103,Eugene Hall,FJ ,North Texas,Anderson,1,2014
49,Rich Hall,U ,Arizona,Hochuli,11,2014
40,Butch Hannah,U ,Middle Tennessee State,Triplette,16,2014
125,Laird Hayes,SJ ,Princeton,Cheffers,20,2014
54,George Hayward,HL ,Missouri Western University,Corrente,24,2014
93,Scott Helverson,BJ,Iowa,Hochuli,12,2014
29,Adrian Hill,FJ ,Buffalo,Hochuli,5,2014
97,Tom Hill,SJ ,Carson-Newman,Allen,16,2014
28,Mark Hittner,HL ,Pittsburg State,Wrolstad,18,2014
85,Ed Hochuli,R ,Texas-El Paso,Hochuli,25,2014
83,Shawn Hochuli,SJ ,Claremont,Corrente,1,2014
82,Buddy Horton,FJ ,Oregon State,Morelli,16,2014
37,Jim Howey,FJ ,Erskine,Torbert,16,2014
35,John Hussey,LJ ,Idaho State,Hochuli,13,2014
76,Darrell Jenkins,U ,,Morelli,#N/A,2014
117,John Jenkins,FJ ,St. Mary’s,Vinovich,1,2014
101,Carl Johnson,LJ ,Nicholls State,Morelli,11,2014
55,Alex Kemp,SJ ,Central Michigan,Triplette,1,2014
121,Paul King,U ,Nichols College,Vinovich,6,2014
21,Jeff Lamberth,SJ ,Texas A&M,Wrolstad,13,2014
73,Joe Larrew,SJ ,St. Louis,Parry,13,2014
127,Bill Leavy,R ,San Jose State,Leavy,#N/A,2014
130,Darryll Lewis,LJ ,,Corrente,#N/A,2014
89,Jon Lucivansky,FJ ,Minnesota,Parry,6,2014
106,Wayne Mackie,HL ,Colgate,Steratore,8,2014
10,Julian Mapp,HL ,Grambling State,Parry,6,2014
107,Ron Marinucci,LJ ,Glassboro State,Blakeman,18,2014
39,Rich Martinez,BJ ,Canisius,Coleman,1,2014
77,Terry McAulay,R ,Louisiana State,McAulay,17,2014
5,John McGrath,HL ,Kentucky,Triplette,13,2014
8,Dana McKenzie,HL ,Toledo,Morelli,7,2014
110,Phil McKinnely,HL ,UCLA,Vinovich,13,2014
48,Jim Mello,HL ,Northeastern,Allen,11,2014
118,Dave Meslow,FJ ,Augsburg,Blakeman,#N/A,2014
78,Greg Meyer,SJ ,TCU,Anderson,13,2014
115,Tony Michalek,U ,Indiana,Boger,13,2014
111,Terrence Miles,BJ ,Arizona State,Anderson,7,2014
135,Peter Morelli,R ,St. Mary's College of California,Morelli,#N/A,2014
92,Bryan Neale,U ,Indiana,McAulay,1,2014
1,Scott Novak,SJ ,Phoenix,Leavy,1,2014
124,Carl Paganelli,U ,Michigan State,Torbert,15,2014
105,Dino Paganelli,BJ ,Aquinas,Steratore,9,2014
46,Perry Paganelli,BJ ,Hope,Parry,17,2014
132,John Parry,R ,Purdue,Parry,15,2014
17,Steve Patrick,BJ ,Jacksonville State,Blakeman,1,2014
15,Rick Patterson,SJ ,Wofford,Blakeman,19,2014
79,Kent Payne,HL ,Nebraska Wesleyan,Cheffers,11,2014
9,Mark Perlman ,LJ ,,Leavy,#N/A,2014
131,Mark Pellis,U ,Allegheny,Parry,1,2014
47,Tim Podraza,LJ ,Nebraska,Wrolstad,7,2014
109,Dyrol Prioleau,FJ ,Johnson C. Smith,McAulay,8,2014
30,Todd Prukop,BJ ,Cal State-Fullerton,Cheffers,6,2014
63,Jim Quirk,BJ ,Middlebury,Vinovich,5,2014
44,Jeff Rice,U ,Northwestern,Anderson,20,2014
67,Doug Rosenbaum,FJ ,Illinois Wesleyan,Allen,14,2014
129,Bill Schuster,U ,Alfred,Coleman,15,2014
45,Jeff Seeman,LJ ,Minnesota,Cheffers,13,2014
104,Dale Shaw,BJ ,Allegheny,Morelli,2,2014
90,Mike Spanier,LJ ,St. Cloud State,Coleman,16,2014
24,Tom Stabile,HL ,Slippery Rock,Boger,#N/A,2014
12,Greg Steed,BJ ,Howard,McAulay,12,2014
84,Mark Steinkerchner,LJ ,Akron,Torbert,21,2014
22,Steve Stelljes,HL ,Friends,Anderson,13,2014
68,Tom Stephan,LJ ,Pittsburg State,McAulay,16,2014
114,Gene Steratore,R ,Kent State,Steratore,12,2014
112,Tony Steratore,BJ ,California (PA),Boger,15,2014
102,Bruce Stritesky,U ,Embry-Riddle,Steratore,9,2014
100,Tom Symonette,LJ ,Florida,Allen,11,2014
62,Ronald Torbert,R ,Michigan State,Torbert,5,2014
42,Jeff Triplette,R ,Wake Forest,Triplette,19,2014
13,Patrick Turner,HL ,Cal State-Long Beach,Hochuli,1,2014
75,Rob Vernatchi,SJ ,California-Riverside,Morelli,11,2014
36,Tony Veteri,HL ,Manhattan,Blakeman,23,2014
52,Bill Vinovich,R ,San Diego,Vinovich,10,2014
25,Bob Waggoner,FJ ,Juniata,Steratore,18,2014
123,Ed Walker,LJ ,San Jose State,Boger,1,2014
96,Undrey Wash,U ,Texas-Arlington,Cheffers,15,2014
7,Keith Washington,SJ ,Virginia Military Institute,Hochuli,7,2014
116,Mike Weatherford,SJ ,Oklahoma State,Steratore,13,2014
119,Greg Wilson,BJ ,USC,Corrente,7,2014
4,Craig Wrolstad,R ,Washington,Wrolstad,12,2014
38,Greg Yette,BJ ,Howard,Torbert,5,2014
33,Steve Zimmer,FJ,Hofstra,Wrolstad,18,2014
66,Walt Anderson,R,Texas,Anderson,18,2013
44,Jeff Rice,U,Northwestern,Anderson,19,2013
22,Steve Stelljes,HL,Friends,Anderson,12,2013
18,Byron Boston,LJ,Austin,Anderson,19,2013
82,Buddy Horton,FJ,Oregon State,Anderson,15,2013
72,Michael Banks,SJ,Illinois State,Anderson,12,2013
2,Billy Smith,BJ,,Anderson,#N/A,2013
34,Clete Blakeman,R,Nebraska,Blakeman,6,2013
53,Garth DeFelice,U,San Diego,Blakeman,#N/A,2013
36,Tony Veteri,HL,Manhattan,Blakeman,22,2013
107,Ron Marinucci,LJ,Glassboro State,Blakeman,17,2013
118,Dave Meslow,FJ,Augsburg,Blakeman,#N/A,2013
78,Greg Meyer,SJ,TCU,Blakeman,12,2013
111,Terrence Miles,BJ,Arizona State,Blakeman,6,2013
23,Jerome Boger,R,Morehouse,Boger,10,2013
115,Tony Michalek,U,Indiana,Boger,12,2013
134,Ed Camp,HL,William Paterson,Boger,13,2013
68,Tom Stephan,LJ,Pittsburg State,Boger,15,2013
109,Dyrol Prioleau,FJ,Johnson C. Smith,Boger,7,2013
56,Allen Baynes,SJ,Auburn,Boger,6,2013
112,Tony Steratore,BJ,California (PA),Boger,14,2013
94,Mike Carey,R,Santa Clara,Carey,#N/A,2013
31,Chad Brown,U,Texas A&M–Commerce,Carey,#N/A,2013
26,Mark Baltz,HL,Ohio,Carey,#N/A,2013
47,Tim Podraza,LJ,Nebraska,Carey,6,2013
50,Mike Weir,FJ,,Carey,#N/A,2013
67,Doug Rosenbaum,SJ,Illinois Wesleyan,Carey,13,2013
6,Kirk Dornan,BJ,Central Washington,Carey,#N/A,2013
51,Carl Cheffers,R,California-Irvine,Cheffers,14,2013
96,Undrey Wash,U,Texas-Arlington,Cheffers,14,2013
79,Kent Payne,HL,Nebraska Wesleyan,Cheffers,10,2013
100,Tom Symonette,LJ,Florida,Cheffers,10,2013
21,Jeff Lamberth,FJ,Texas A&M,Cheffers,12,2013
125,Laird Hayes,SJ,Princeton,Cheffers,19,2013
30,Todd Prukop,BJ,Cal State-Fullerton,Cheffers,5,2013
65,Walt Coleman,R,Arkansas,Coleman,25,2013
81,Roy Ellison,U,Savannah State,Coleman,11,2013
91,Jerry Bergman,HL,Robert Morris,Coleman,12,2013
59,Rusty Baynes,LJ,Auburn-Montgomery,Coleman,4,2013
80,Greg Gautreaux,FJ,Southwest Louisiana,Coleman,12,2013
15,Rick Patterson,SJ,Wofford,Coleman,18,2013
38,Greg Yette,BJ,Howard,Coleman,4,2013
99,Tony Corrente,R,Cal State-Fullerton,Corrente,19,2013
11,Fred Bryan,U,Northern Iowa,Corrente,5,2013
54,George Hayward,HL,Missouri Western University,Corrente,23,2013
130,Darryll Lewis,LJ,,Corrente,#N/A,2013
60,Gary Cavaletto,FJ,Hancock,Corrente,11,2013
62,Ron Torbert,SJ,Michigan State,Corrente,#N/A,2013
119,Greg Wilson,BJ,USC,Corrente,6,2013
19,Scott Green,R,University of Delaware,Green,#N/A,2013
102,Bruce Stritesky,U,Embry-Riddle,Green,8,2013
24,Tom Stabile,HL,Slippery Rock,Green,#N/A,2013
90,Michael Spanier,LJ,St. Cloud State,Green,#N/A,2013
41,Boris Cheek,FJ,Morgan State,Green,18,2013
128,Larry Rose,SJ,,Green,#N/A,2013
93,Scott Helverson,BJ,Iowa,Green,11,2013
85,Ed Hochuli,R,Texas-El Paso,Hochuli,24,2013
49,Rich Hall,U,Arizona,Hochuli,10,2013
28,Mark Hittner,HL,Pittsburg State,Hochuli,17,2013
35,John Hussey,LJ,Idaho State,Hochuli,12,2013
4,Craig Wrolstad,FJ,Washington,Hochuli,11,2013
7,Keith Washington,SJ,Virginia Military Institute,Hochuli,6,2013
126,Don Carey,BJ,University of California,Hochuli,#N/A,2013
127,Bill Leavy,R,San Jose State,Leavy,#N/A,2013
71,Ruben Fowler,U,Huston-Tillotson,Leavy,8,2013
5,John McGrath,HL,Kentucky,Leavy,12,2013
9,Mark Perlman,LJ,Salem,Leavy,13,2013
86,Jimmy Buchanan,FJ,South Carolina State,Leavy,5,2013
87,Keith Parham,SJ,,Leavy,#N/A,2013
61,Keith Ferguson,BJ,San Jose State,Leavy,14,2013
77,Terry McAulay,R,Louisiana State,McAulay,16,2013
70,Scott Dawson,U,Virginia Tech,McAulay,#N/A,2013
98,Greg Bradley,HL,Tennessee,McAulay,5,2013
84,Mark Steinkerchner,LJ,Akron,McAulay,20,2013
43,Terry Brown,FJ,Tennessee,McAulay,8,2013
95,James Coleman,SJ,Arkansas,McAulay,9,2013
27,Lee Dyer,BJ,Tennessee-Chattanooga,McAulay,11,2013
135,Pete Morelli,R,St. Mary's,Morelli,17,2013
76,Darrell Jenkins,U,,Morelli,#N/A,2013
8,Dana McKenzie,HL,Toledo,Morelli,6,2013
101,Carl Johnson,LJ,Nicholls State,Morelli,10,2013
89,Jon Lucivansky,FJ,Minnesota,Morelli,5,2013
75,Rob Vernatchi,SJ,California-Riverside,Morelli,10,2013
104,Dale Shaw,BJ,Allegheny,Morelli,1,2013
132,John Parry,R,Purdue,Parry,14,2013
64,Dan Ferrell,U,Cal State-Fullerton,Parry,11,2013
74,Derick Bowers,HL,East Central,Parry,11,2013
29,Adrian Hill,LJ,Buffalo,Parry,4,2013
3,Scott Edwards,FJ,Alabama,Parry,15,2013
73,Joe Larrew,SJ,St. Louis,Parry,12,2013
46,Perry Paganelli,BJ,Hope,Parry,16,2013
114,Gene Steratore,R,Kent State,Steratore,11,2013
129,Bill Schuster,U,Alfred,Steratore,14,2013
106,Wayne Mackie,HL,Colgate,Steratore,7,2013
45,Jeff Seeman,LJ,Minnesota,Steratore,12,2013
25,Bob Waggoner,FJ,Juniata,Steratore,17,2013
116,Mike Weatherford,SJ,Oklahoma State,Steratore,12,2013
105,Dino Paganelli,BJ,Aquinas,Steratore,8,2013
42,Jeff Triplette,R,Wake Forest,Triplette,18,2013
40,Butch Hannah,U,Middle Tennessee State,Triplette,15,2013
110,Phil McKinnely,HL,UCLA,Triplette,12,2013
32,Jeff Bergman,LJ,Robert Morris,Triplette,22,2013
20,Barry Anderson,FJ,North Carolina State,Triplette,7,2013
16,Dave Wyant,SJ,#N/A,Triplette,#N/A,2013
133,Steve Freeman,BJ,Mississippi State,Triplette,13,2013
52,Bill Vinovich,R,San Diego,Vinovich,9,2013
121,Paul King,U,Nichols College,Vinovich,5,2013
48,Jim Mello,HL,Northeastern,Vinovich,10,2013
10,Julian Mapp,LJ,Grambling State,Vinovich,5,2013
33,Steve Zimmer,FJ,Hofstra,Vinovich,17,2013
58,Jimmy DeBell,SJ,,Vinovich,#N/A,2013
63,Jim Quirk,BJ,Middlebury,Vinovich,4,2013
14,Ron Winter,R,#N/A,Winter,#N/A,2013
124,Carl Paganelli,U,Michigan State,Winter,14,2013
37,Jim Howey,HL,Erskine,Winter,15,2013
108,Gary Arthur,LJ,Wright State,Winter,17,2013
88,Scott Steenson,FJ,#N/A,Winter,#N/A,2013
97,Tom Hill,SJ,Carson-Newman,Winter,15,2013
12,Greg Steed,BJ,Howard,Winter,11,2013
66,Walt Anderson,R,Texas,Anderson,17,2012
40,Butch Hannah,U,Middle Tennessee State,Anderson,14,2012
22,Steve Stelljes,HL,Friends,Anderson,11,2012
18,Byron Boston,LJ,Austin,Anderson,18,2012
118,Dave Meslow,FJ,Augsburg,Anderson,#N/A,2012
72,Michael Banks,SJ,Illinois State,Anderson,11,2012
2,Billy Smith,BJ,,Anderson,#N/A,2012
34,Clete Blakeman,R,Nebraska,Blakeman,5,2012
53,Garth DeFelice,U,San Diego,Blakeman,#N/A,2012
36,Tony Veteri,HL,Manhattan,Blakeman,21,2012
107,Ron Marinucci,LJ,Glassboro State,Blakeman,16,2012
82,Buddy Horton,FJ,Oregon State,Blakeman,14,2012
78,Greg Meyer,SJ,TCU,Blakeman,11,2012
111,Terrence Miles,BJ,Arizona State,Boger,5,2012
23,Jerome Boger,R,Morehouse,Boger,9,2012
115,Tony Michalek,U,Indiana,Boger,11,2012
134,Ed Camp,HL,William Paterson,Boger,12,2012
68,Tom Stephan,LJ,Pittsburg State,Boger,14,2012
109,Dyrol Prioleau,FJ,Johnson C. Smith,Boger,6,2012
73,Joe Larrew,SJ,St. Louis,Boger,11,2012
112,Tony Steratore,BJ,California (PA),Boger,13,2012
94,Mike Carey,R,Santa Clara,Carey,#N/A,2012
31,Chad Brown,U,Texas A&M–Commerce,Carey,#N/A,2012
26,Mark Baltz,HL,Ohio,Carey,#N/A,2012
47,Tim Podraza,LJ,Nebraska,Carey,5,2012
50,Mike Weir,FJ,,Carey,#N/A,2012
67,Doug Rosenbaum,SJ,Illinois Wesleyan,Carey,12,2012
6,Kirk Dornan,BJ,Central Washington,Carey,#N/A,2012
51,Carl Cheffers,R,California-Irvine,Cheffers,13,2012
96,Undrey Wash,U,Texas-Arlington,Cheffers,13,2012
79,Kent Payne,HL,Nebraska Wesleyan,Cheffers,9,2012
100,Tom Symonette,LJ,Florida,Cheffers,9,2012
86,Jimmy Buchanan,FJ,South Carolina State,Cheffers,4,2012
125,Laird Hayes,SJ,Princeton,Cheffers,18,2012
30,Todd Prukop,BJ,Cal State-Fullerton,Cheffers,4,2012
65,Walt Coleman,R,Arkansas,Coleman,24,2012
81,Roy Ellison,U,Savannah State,Coleman,10,2012
91,Jerry Bergman,HL,Robert Morris,Coleman,11,2012
90,Michael Spanier,LJ,,Coleman,#N/A,2012
80,Greg Gautreaux,FJ,Southwest Louisiana,Coleman,11,2012
15,Rick Patterson,SJ,Wofford,Coleman,17,2012
38,Greg Yette,BJ,Howard,Coleman,3,2012
99,Tony Corrente,R,Cal State-Fullerton,Corrente,18,2012
11,Fred Bryan,U,Northern Iowa,Corrente,4,2012
5,John McGrath,HL,Kentucky,Corrente,11,2012
130,Darryll Lewis,LJ,,Corrente,#N/A,2012
60,Gary Cavaletto,FJ,Hancock,Corrente,10,2012
56,Allen Baynes,SJ,Auburn,Corrente,5,2012
119,Greg Wilson,BJ,USC,Corrente,5,2012
19,Scott Green,R,University of Delaware,Green,#N/A,2012
102,Bruce Stritesky,U,Embry-Riddle,Green,7,2012
24,Tom Stabile,HL,Slippery Rock,Green,#N/A,2012
55,Tom Barnes,LJ,University of Minnesota,Green,#N/A,2012
41,Boris Cheek,FJ,Morgan State,Green,17,2012
128,Larry Rose,SJ,,Green,#N/A,2012
93,Scott Helverson,BJ,Iowa,Green,10,2012
85,Ed Hochuli,R,Texas-El Paso,Hochuli,23,2012
49,Rich Hall,U,Arizona,Hochuli,9,2012
28,Mark Hittner,HL,Pittsburg State,Hochuli,16,2012
29,Adrian Hill,LJ,Buffalo,Hochuli,3,2012
4,Craig Wrolstad,FJ,Washington,Hochuli,10,2012
7,Keith Washington,SJ,Virginia Military Institute,Hochuli,5,2012
126,Don Carey,BJ,University of California,Hochuli,#N/A,2012
127,Bill Leavy,R,San Jose State,Leavy,#N/A,2012
71,Ruben Fowler,U,Huston-Tillotson,Leavy,7,2012
54,George Hayward,HL,Missouri Western University,Leavy,22,2012
9,Mark Perlman,LJ,Salem,Leavy,12,2012
63,Jim Quirk,BJ,Middlebury,Leavy,3,2012
87,Keith Parham,SJ,,Leavy,#N/A,2012
61,Keith Ferguson,BJ,San Jose State,Leavy,13,2012
77,Terry McAulay,R,Louisiana State,McAulay,15,2012
70,Scott Dawson,U,Virginia Tech,McAulay,#N/A,2012
98,Greg Bradley,HL,Tennessee,McAulay,4,2012
84,Mark Steinkerchner,LJ,Akron,McAulay,19,2012
43,Terry Brown,FJ,Tennessee,McAulay,7,2012
95,James Coleman,SJ,Arkansas,McAulay,8,2012
27,Lee Dyer,BJ,Tennessee-Chattanooga,McAulay,10,2012
135,Pete Morelli,R,St. Mary's,Morelli,16,2012
76,Darrell Jenkins,U,,Morelli,#N/A,2012
8,Dana McKenzie,HL,Toledo,Morelli,5,2012
35,John Hussey,LJ,Idaho State,Morelli,11,2012
89,Jon Lucivansky,FJ,Minnesota,Morelli,4,2012
39,Don Carlsen,,,Morelli,#N/A,2012
75,Rob Vernatchi,SJ,California-Riverside,Morelli,9,2012
132,John Parry,R,Purdue,Parry,13,2012
64,Dan Ferrell,U,Cal State-Fullerton,Parry,10,2012
74,Derick Bowers,HL,East Central,Parry,10,2012
59,Rusty Baynes,LJ,Auburn-Montgomery,Parry,3,2012
3,Scott Edwards,FJ,Alabama,Parry,14,2012
62,Ron Torbert,SJ,Michigan State,Parry,#N/A,2012
46,Perry Paganelli,BJ,Hope,Parry,15,2012
57,Al Riveron,R,,Riveron,#N/A,2012
121,Paul King,U,Nichols College,Riveron,4,2012
48,Jim Mello,HL,Northeastern,Riveron,9,2012
10,Julian Mapp,LJ,Grambling State,Riveron,4,2012
33,Steve Zimmer,FJ,Hofstra,Riveron,16,2012
58,Jimmy DeBell,SJ,,Riveron,#N/A,2012
83,Richard Reels,BJ,,Riveron,#N/A,2012
114,Gene Steratore,R,Kent State,Steratore,10,2012
129,Bill Schuster,U,Alfred,Steratore,13,2012
106,Wayne Mackie,HL,Colgate,Steratore,6,2012
45,Jeff Seeman,LJ,Minnesota,Steratore,11,2012
25,Bob Waggoner,FJ,Juniata,Steratore,16,2012
116,Mike Weatherford,SJ,Oklahoma State,Steratore,11,2012
105,Dino Paganelli,BJ,Aquinas,Steratore,7,2012
42,Jeff Triplette,R,Wake Forest,Triplette,17,2012
44,Jeff Rice,U,Northwestern,Triplette,18,2012
110,Phil McKinnely,HL,UCLA,Triplette,11,2012
32,Jeff Bergman,LJ,Robert Morris,Triplette,21,2012
20,Barry Anderson,FJ,North Carolina State,Triplette,6,2012
16,Dave Wyant,SJ,University of Virginia,Triplette,#N/A,2012
133,Steve Freeman,BJ,Mississippi State,Triplette,12,2012
14,Ron Winter,R,Michigan State,Winter,#N/A,2012
124,Carl Paganelli,U,Michigan State,Winter,13,2012
10,Ron Phares,,,Winter,#N/A,2012
108,Gary Arthur,LJ,Wright State,Winter,16,2012
88,Scott Steenson,FJ,,Winter,#N/A,2012
97,Tom Hill,SJ,Carson-Newman,Winter,14,2012
12,Greg Steed,BJ,Howard,Winter,10,2012
66,Walt Anderson,R,Texas,Anderson,16,2011
40,Butch Hannah,U,Middle Tennessee State,Anderson,13,2011
22,Steve Stelljes,HL,Friends,Anderson,10,2011
18,Byron Boston,LJ,Austin,Anderson,17,2011
118,Dave Meslow,FJ,Augsburg,Anderson,#N/A,2011
95,James Coleman,SJ,Arkansas,Anderson,7,2011
2,Billy Smith,BJ,,Anderson,#N/A,2011
34,Clete Blakeman,R,Nebraska,Blakeman,4,2011
53,Garth DeFelice,U,San Diego,Blakeman,#N/A,2011
36,Tony Veteri,HL,Manhattan,Blakeman,20,2011
45,Jeff Seeman,LJ,Minnesota,Blakeman,10,2011
82,Buddy Horton,FJ,Oregon State,Blakeman,13,2011
78,Greg Meyer,SJ,TCU,Blakeman,10,2011
111,Terrence Miles,BJ,Arizona State,Blakeman,4,2011
23,Jerome Boger,R,Morehouse,Boger,8,2011
124,Carl Paganelli,U,Michigan State,Boger,12,2011
91,Jerry Bergman,HL,Robert Morris,Boger,10,2011
68,Tom Stephan,LJ,Pittsburg State,Boger,13,2011
67,Doug Rosenbaum,SJ,Illinois Wesleyan,Boger,11,2011
73,Joe Larrew,SJ,St. Louis,Boger,10,2011
112,Tony Steratore,BJ,California (PA),Boger,12,2011
94,Mike Carey,R,Santa Clara,Carey,#N/A,2011
31,Chad Brown,U,Texas A&M–Commerce,Carey,#N/A,2011
8,Dana McKenzie,HL,Toledo,Carey,4,2011
47,Tim Podraza,LJ,Nebraska,Carey,4,2011
50,Mike Weir,FJ,,Carey,#N/A,2011
41,Boris Cheek,FJ,Morgan State,Carey,16,2011
6,Kirk Dornan,BJ,Central Washington,Carey,#N/A,2011
51,Carl Cheffers,R,California-Irvine,Cheffers,12,2011
96,Undrey Wash,U,Texas-Arlington,Cheffers,12,2011
79,Kent Payne,HL,Nebraska Wesleyan,Cheffers,8,2011
100,Tom Symonette,LJ,Florida,Cheffers,8,2011
86,Jimmy Buchanan,FJ,South Carolina State,Cheffers,3,2011
125,Laird Hayes,SJ,Princeton,Cheffers,17,2011
30,Todd Prukop,BJ,Cal State-Fullerton,Cheffers,3,2011
65,Walt Coleman,R,Arkansas,Coleman,23,2011
81,Roy Ellison,U,Savannah State,Coleman,9,2011
134,Ed Camp,HL,William Paterson,Coleman,11,2011
90,Michael Spanier,LJ,St. Cloud State,Coleman,#N/A,2011
80,Greg Gautreaux,FJ,Southwest Louisiana,Coleman,10,2011
15,Rick Patterson,SJ,Wofford,Coleman,16,2011
38,Greg Yette,BJ,Howard,Coleman,2,2011
99,Tony Corrente,R,Cal State-Fullerton,Corrente,17,2011
11,Fred Bryan,U,Northern Iowa,Corrente,3,2011
5,John McGrath,HL,Kentucky,Corrente,10,2011
130,Darryll Lewis,LJ,,Corrente,#N/A,2011
60,Gary Cavaletto,FJ,Hancock,Corrente,9,2011
56,Allen Baynes,SJ,Auburn,Corrente,4,2011
119,Greg Wilson,BJ,USC,Corrente,4,2011
19,Scott Green,R,University of Delaware,Green,#N/A,2011
102,Bruce Stritesky,U,Embry-Riddle,Green,6,2011
24,Tom Stabile,HL,Slippery Rock,Green,#N/A,2011
55,Tom Barnes,LJ,University of Minnesota,Green,#N/A,2011
109,Dyrol Prioleau,FJ,Johnson C. Smith,Green,5,2011
128,Larry Rose,SJ,,Green,#N/A,2011
93,Scott Helverson,BJ,Iowa,Green,9,2011
85,Ed Hochuli,R,Texas-El Paso,Hochuli,22,2011
49,Rich Hall,U,Arizona,Hochuli,8,2011
28,Mark Hittner,HL,Pittsburg State,Hochuli,15,2011
29,Adrian Hill,LJ,Buffalo,Hochuli,2,2011
4,Craig Wrolstad,FJ,Washington,Hochuli,9,2011
62,Ron Torbert,SJ,Michigan State,Hochuli,#N/A,2011
126,Don Carey,BJ,University of California,Hochuli,#N/A,2011
127,Bill Leavy,R,San Jose State,Leavy,#N/A,2011
76,Darrell Jenkins,U,,Leavy,#N/A,2011
54,George Hayward,HL,Missouri Western University,Leavy,21,2011
9,Mark Perlman,LJ,Salem,Leavy,11,2011
63,Jim Quirk,BJ,Middlebury,Leavy,2,2011
87,Keith Parham,SJ,,Leavy,#N/A,2011
61,Keith Ferguson,BJ,San Jose State,Leavy,12,2011
77,Terry McAulay,R,Louisiana State,McAulay,14,2011
121,Paul King,U,Nichols College,McAulay,3,2011
98,Greg Bradley,HL,Tennessee,McAulay,3,2011
84,Mark Steinkerchner,LJ,Akron,McAulay,18,2011
43,Terry Brown,FJ,Tennessee,McAulay,6,2011
72,Michael Banks,SJ,Illinois State,McAulay,10,2011
27,Lee Dyer,BJ,Tennessee-Chattanooga,McAulay,9,2011
135,Pete Morelli,R,St. Mary's,Morelli,15,2011
71,Ruben Fowler,U,Huston-Tillotson,Morelli,6,2011
26,Mark Baltz,HL,Ohio,Morelli,#N/A,2011
35,John Hussey,LJ,Idaho State,Morelli,10,2011
89,Jon Lucivansky,FJ,Minnesota,Morelli,3,2011
39,Don Carlsen,SJ,,Morelli,#N/A,2011
75,Rob Vernatchi,BJ,California-Riverside,Morelli,8,2011
132,John Parry,R,Purdue,Parry,12,2011
64,Dan Ferrell,U,Cal State-Fullerton,Parry,9,2011
74,Derick Bowers,HL,East Central,Parry,9,2011
59,Rusty Baynes,LJ,Auburn-Montgomery,Parry,2,2011
3,Scott Edwards,FJ,Alabama,Parry,13,2011
7,Keith Washington,SJ,Virginia Military Institute,Parry,4,2011
46,Perry Paganelli,BJ,Hope,Parry,14,2011
57,Al Riveron,R,,Riveron,#N/A,2011
70,Scott Dawson,U,Virginia Tech,Riveron,#N/A,2011
48,Jim Mello,HL,Northeastern,Riveron,8,2011
10,Ron Phares,LJ,,Riveron,#N/A,2011
33,Steve Zimmer,FJ,Hofstra,Riveron,15,2011
58,Jimmy DeBell,SJ,,Riveron,#N/A,2011
12,Greg Steed,BJ,Howard,Riveron,9,2011
114,Gene Steratore,R,Kent State,Steratore,9,2011
129,Bill Schuster,U,Alfred,Steratore,12,2011
106,Wayne Mackie,HL,Colgate,Steratore,5,2011
107,Ron Marinucci,LJ,Glassboro State,Steratore,15,2011
25,Bob Waggoner,FJ,Juniata,Steratore,15,2011
116,Mike Weatherford,SJ,Oklahoma State,Steratore,10,2011
105,Dino Paganelli,BJ,Aquinas,Steratore,6,2011
42,Jeff Triplette,R,Wake Forest,Triplette,16,2011
44,Jeff Rice,U,Northwestern,Triplette,17,2011
110,Phil McKinnely,HL,UCLA,Triplette,10,2011
32,Jeff Bergman,LJ,Robert Morris,Triplette,20,2011
20,Barry Anderson,FJ,North Carolina State,Triplette,5,2011
16,Dave Wyant,SJ,University of Virginia,Triplette,#N/A,2011
133,Steve Freeman,BJ,Mississippi State,Triplette,11,2011
14,Ron Winter,R,Michigan State,Winter,#N/A,2011
115,Tony Michalek,U,Indiana,Winter,10,2011
52,Julian Mapp,HL,Grambling State,Winter,3,2011
108,Gary Arthur,LJ,Wright State,Winter,15,2011
88,Scott Steenson,FJ,,Winter,#N/A,2011
97,Tom Hill,SJ,Carson-Newman,Winter,13,2011
83,Richard Reels,BJ,,Winter,#N/A,2011
